{
  "active_symbol_count_mean": 50.0,
  "alpha_name": "ml_cross_sectional_lgbm_2026_q1",
  "annualized_return": 0.2821198250481558,
  "annualized_volatility": 0.024140657408898515,
  "average_execution_friction_per_trade": 0.0,
  "average_trade_size": 1.0139275766016713,
  "average_turnover": 0.30333333333333334,
  "cumulative_return": 0.02395039005237276,
  "exposure_pct": 38.333333333333336,
  "hit_rate": 0.578125,
  "max_drawdown": 0.003525040768855514,
  "percent_periods_traded": 29.916666666666668,
  "profit_factor": 1.7600427225023556,
  "rebalance_count": 359.0,
  "return_source": "price_column:close",
  "run_id": "ml_cross_sectional_lgbm_2026_q1_alpha_eval_f3eec87f23a6",
  "sharpe_ratio": 10.311078656234617,
  "sleeve_row_count": 24,
  "symbol_count": 50,
  "timestamp_count": 24,
  "total_execution_friction": 0.0,
  "total_return": 0.02395039005237276,
  "total_slippage_cost": 0.0,
  "total_transaction_cost": 0.0,
  "total_turnover": 364.0,
  "trade_count": 359.0,
  "turnover": 0.30333333333333334,
  "volatility": 0.0015207184759417707,
  "win_rate": 0.7083333333333334
}