{
  "annualized_return": 0.011201992588751875,
  "annualized_volatility": 0.008018389383256047,
  "average_execution_friction_per_trade": 0.0,
  "average_trade_size": 0.22935323383084577,
  "average_turnover": 0.1336231884057971,
  "benchmark_correlation": 0.5121100367256324,
  "benchmark_total_return": 0.0018408546267534298,
  "cumulative_return": 0.002035508867661129,
  "excess_return": 0.000194654240907699,
  "exposure_pct": 39.130434782608695,
  "hit_rate": 0.5393258426966292,
  "max_drawdown": 0.0022588845416819936,
  "percent_periods_traded": 58.26086956521739,
  "plausibility_flags": {
    "beta_dominated_strategy": false,
    "high_benchmark_correlation": false,
    "high_turnover_low_edge": false,
    "low_excess_return": true
  },
  "profit_factor": 1.1502105932431201,
  "rebalance_count": 134.0,
  "relative_drawdown": -0.01048662041981474,
  "sanity_issue_count": 0.0,
  "sanity_status": "pass",
  "sanity_strict_mode": true,
  "sanity_warning_count": 0.0,
  "sharpe_ratio": 1.3932238495234441,
  "total_execution_friction": 0.0,
  "total_return": 0.002035508867661129,
  "total_slippage_cost": 0.0,
  "total_transaction_cost": 0.0,
  "total_turnover": 30.733333333333334,
  "trade_count": 134.0,
  "turnover": 0.1336231884057971,
  "volatility": 0.0005051110529375257,
  "win_rate": 0.5869565217391305
}