{
  "active_symbol_count_mean": 50.0,
  "alpha_name": "rank_composite_momentum_2026_q1",
  "annualized_return": -0.11178227958316722,
  "annualized_volatility": 0.0416072108295404,
  "average_execution_friction_per_trade": 0.0,
  "average_trade_size": 1.0,
  "average_turnover": 0.17333333333333334,
  "cumulative_return": -0.011225884228951988,
  "exposure_pct": 38.333333333333336,
  "hit_rate": 0.34210526315789475,
  "max_drawdown": 0.01356917793168022,
  "percent_periods_traded": 17.333333333333336,
  "profit_factor": 0.7242144919996689,
  "rebalance_count": 208.0,
  "return_source": "price_column:close",
  "run_id": "rank_composite_momentum_2026_q1_alpha_eval_3256df8cbd0a",
  "sharpe_ratio": -2.8283515697147212,
  "sleeve_row_count": 24,
  "symbol_count": 50,
  "timestamp_count": 24,
  "total_execution_friction": 0.0,
  "total_return": -0.011225884228951988,
  "total_slippage_cost": 0.0,
  "total_transaction_cost": 0.0,
  "total_turnover": 208.0,
  "trade_count": 208.0,
  "turnover": 0.17333333333333334,
  "volatility": 0.002621007919095175,
  "win_rate": 0.4583333333333333
}