{
  "active_symbol_count_mean": 50.0,
  "alpha_name": "ml_cross_sectional_xgb_2026_q1",
  "annualized_return": 0.34589515516635605,
  "annualized_volatility": 0.023865823958811302,
  "average_execution_friction_per_trade": 0.0,
  "average_trade_size": 1.0299003322259137,
  "average_turnover": 0.25833333333333336,
  "cumulative_return": 0.028695366787475418,
  "exposure_pct": 38.333333333333336,
  "hit_rate": 0.5670731707317073,
  "max_drawdown": 0.0005616872849203425,
  "percent_periods_traded": 25.083333333333336,
  "profit_factor": 2.0695604349777885,
  "rebalance_count": 301.0,
  "return_source": "price_column:close",
  "run_id": "ml_cross_sectional_xgb_2026_q1_alpha_eval_366f61a76d97",
  "sharpe_ratio": 12.465814141682714,
  "sleeve_row_count": 24,
  "symbol_count": 50,
  "timestamp_count": 24,
  "total_execution_friction": 0.0,
  "total_return": 0.028695366787475418,
  "total_slippage_cost": 0.0,
  "total_transaction_cost": 0.0,
  "total_turnover": 310.0,
  "trade_count": 301.0,
  "turnover": 0.25833333333333336,
  "volatility": 0.0015034055959205171,
  "win_rate": 0.7083333333333334
}