{
  "active_symbol_count_mean": 50.0,
  "alpha_name": "ml_cross_sectional_xgb_2026_q1",
  "annualized_return": 0.014985396862974065,
  "annualized_volatility": 0.0011932911979405652,
  "average_execution_friction_per_trade": 0.0,
  "average_trade_size": 0.051495016611295685,
  "average_turnover": 0.012916666666666668,
  "constructor_id": "top_bottom_equal_weight",
  "constructor_params": {
    "gross_long": 0.5,
    "gross_short": 0.5
  },
  "cumulative_return": 0.0014175967047811433,
  "exposure_pct": 38.333333333333336,
  "hit_rate": 0.5670731707317073,
  "max_drawdown": 2.8088087310029763e-05,
  "percent_periods_traded": 25.083333333333336,
  "profit_factor": 2.0680758180456675,
  "rebalance_count": 301.0,
  "return_source": "price_column:close",
  "run_id": "ml_cross_sectional_xgb_2026_q1_alpha_eval_1221fcf40775",
  "sharpe_ratio": 12.465814141682714,
  "sleeve_row_count": 24,
  "symbol_count": 50,
  "timestamp_count": 24,
  "total_execution_friction": 0.0,
  "total_return": 0.0014175967047811433,
  "total_slippage_cost": 0.0,
  "total_transaction_cost": 0.0,
  "total_turnover": 15.500000000000002,
  "trade_count": 301.0,
  "turnover": 0.012916666666666668,
  "volatility": 7.517027979602585e-05,
  "win_rate": 0.7083333333333334
}