{
  "active_symbol_count_mean": 6.0,
  "alpha_name": "rank_composite_momentum",
  "annualized_return": 0.4088346831410503,
  "annualized_volatility": 0.009528750000000013,
  "average_execution_friction_per_trade": 0.0,
  "average_trade_size": 1.0,
  "average_turnover": 0.14285714285714285,
  "cumulative_return": 0.0095666623202173,
  "exposure_pct": 85.71428571428571,
  "hit_rate": 0.6,
  "max_drawdown": 0.0,
  "percent_periods_traded": 14.285714285714285,
  "profit_factor": 2.144019965908192,
  "rebalance_count": 6.0,
  "return_source": "price_column:close",
  "run_id": "rank_composite_momentum_alpha_eval_bb267780ab85",
  "sharpe_ratio": 35.99999999999999,
  "sleeve_row_count": 7,
  "symbol_count": 6,
  "timestamp_count": 7,
  "total_execution_friction": 0.0,
  "total_return": 0.0095666623202173,
  "total_slippage_cost": 0.0,
  "total_transaction_cost": 0.0,
  "total_turnover": 6.0,
  "trade_count": 6.0,
  "turnover": 0.14285714285714285,
  "volatility": 0.0006002548286977798,
  "win_rate": 0.8571428571428571
}