{
  "annualized_return": 0.47035361050982116,
  "annualized_volatility": 0.06317220665563883,
  "average_execution_friction_per_trade": 0.00029999999999972713,
  "average_fixed_fee_per_trade": 0.0,
  "average_gross_exposure": 0.9999999999990905,
  "average_leverage": 0.9999999999990905,
  "average_net_exposure": 0.9999999999990905,
  "average_trade_size": 0.9999999999990905,
  "average_turnover": 0.24999999999977263,
  "conditional_value_at_risk": 0.0030658333333305455,
  "conditional_value_at_risk_confidence_level": 0.95,
  "cumulative_return": 0.006137853920346492,
  "current_drawdown": 0.0030658333333305476,
  "current_drawdown_duration": 1.0,
  "estimated_post_target_volatility": null,
  "estimated_pre_target_volatility": 0.09962162792276559,
  "execution_drag_total_return": 0.0003019319357566719,
  "exposure_pct": 100.0,
  "gross_annualized_return": 0.4984118174020684,
  "gross_cumulative_return": 0.006439785856103164,
  "gross_total_return": 0.006439785856103164,
  "hit_rate": 0.5,
  "latest_rolling_volatility": 0.09962162792276559,
  "max_drawdown": 0.0030658333333305476,
  "max_drawdown_duration": 1.0,
  "max_gross_exposure": 0.9999999999990905,
  "max_leverage": 0.9999999999990905,
  "max_net_exposure": 0.9999999999990905,
  "max_single_weight": 0.33333333333303017,
  "max_weight_sum_deviation": 9.094947017729282e-13,
  "min_net_exposure": 0.9999999999990905,
  "net_total_return": 0.006137853920346492,
  "percent_periods_traded": 25.0,
  "profit_factor": 2.8264421886605584,
  "realized_volatility": 0.06317220665563883,
  "rebalance_count": 1.0,
  "rolling_volatility_latest": 0.09962162792276559,
  "rolling_volatility_max": 0.09962162792276559,
  "rolling_volatility_mean": 0.056065617892934204,
  "rolling_volatility_window": 2.0,
  "sanity_issue_count": 0.0,
  "sanity_status": "pass",
  "sanity_strict_mode": false,
  "sanity_warning_count": 0.0,
  "sharpe_ratio": 6.130741990870083,
  "target_volatility": 0.1,
  "total_execution_friction": 0.00029999999999972713,
  "total_fixed_fee": 0.0,
  "total_return": 0.006137853920346492,
  "total_slippage_cost": 9.999999999990905e-05,
  "total_transaction_cost": 0.0001999999999998181,
  "total_turnover": 0.9999999999990905,
  "trade_count": 1.0,
  "turnover": 0.24999999999977263,
  "validation_issue_count": 0.0,
  "value_at_risk": 0.0030658333333305455,
  "value_at_risk_confidence_level": 0.95,
  "volatility": 0.003979474966238088,
  "volatility_scaling_factor": null,
  "volatility_target_scale": 0.9999999999990905,
  "volatility_target_scale_capped": 1.0,
  "volatility_targeting_enabled": 0.0,
  "win_rate": 0.5
}