{
  "annualized_return": 0.4088346831405818,
  "annualized_volatility": 0.009528749999991032,
  "average_execution_friction_per_trade": 0.0,
  "average_fixed_fee_per_trade": 0.0,
  "average_gross_exposure": 0.9999999999990905,
  "average_leverage": 0.9999999999990905,
  "average_net_exposure": 0.9999999999990905,
  "average_trade_size": 0.9999999999990905,
  "average_turnover": 0.14285714285701293,
  "conditional_value_at_risk": 0.0,
  "conditional_value_at_risk_confidence_level": 0.95,
  "cumulative_return": 0.009566662320207975,
  "current_drawdown": 0.0,
  "current_drawdown_duration": 0.0,
  "estimated_post_target_volatility": null,
  "estimated_pre_target_volatility": 0.009528749999991032,
  "execution_drag_total_return": 0.0,
  "exposure_pct": 100.0,
  "gross_annualized_return": 0.4088346831405818,
  "gross_cumulative_return": 0.009566662320207975,
  "gross_total_return": 0.009566662320207975,
  "hit_rate": 0.8571428571428571,
  "latest_rolling_volatility": null,
  "max_drawdown": 0.0,
  "max_drawdown_duration": 0.0,
  "max_gross_exposure": 0.9999999999990905,
  "max_leverage": 0.9999999999990905,
  "max_net_exposure": 0.9999999999990905,
  "max_single_weight": 0.9999999999990905,
  "max_weight_sum_deviation": 9.094947017729282e-13,
  "min_net_exposure": 0.9999999999990905,
  "net_total_return": 0.009566662320207975,
  "percent_periods_traded": 14.285714285714285,
  "profit_factor": null,
  "realized_volatility": 0.009528749999991032,
  "rebalance_count": 1.0,
  "rolling_volatility_latest": null,
  "rolling_volatility_max": null,
  "rolling_volatility_mean": null,
  "rolling_volatility_window": 20.0,
  "sanity_issue_count": 2.0,
  "sanity_status": "warn",
  "sanity_strict_mode": false,
  "sanity_warning_count": 2.0,
  "sharpe_ratio": 36.00000000000001,
  "target_volatility": null,
  "total_execution_friction": 0.0,
  "total_fixed_fee": 0.0,
  "total_return": 0.009566662320207975,
  "total_slippage_cost": 0.0,
  "total_transaction_cost": 0.0,
  "total_turnover": 0.9999999999990905,
  "trade_count": 1.0,
  "turnover": 0.14285714285701293,
  "validation_issue_count": 0.0,
  "value_at_risk": 0.0,
  "value_at_risk_confidence_level": 0.95,
  "volatility": 0.0006002548286972141,
  "volatility_scaling_factor": null,
  "volatility_target_scale": null,
  "volatility_target_scale_capped": 0.0,
  "volatility_targeting_enabled": 0.0,
  "win_rate": 0.8571428571428571
}