{
  "annualized_return": 0.08841849862390871,
  "annualized_volatility": 0.020886541053111638,
  "average_execution_friction_per_trade": 0.0,
  "average_fixed_fee_per_trade": 0.0,
  "average_gross_exposure": 0.9999999999990905,
  "average_leverage": 0.9999999999990905,
  "average_net_exposure": 0.9999999999990905,
  "average_trade_size": 0.9999999999990905,
  "average_turnover": 0.04166666666662877,
  "conditional_value_at_risk": 0.0019060161714443999,
  "conditional_value_at_risk_confidence_level": 0.95,
  "cumulative_return": 0.008101759628482474,
  "current_drawdown": 0.0027004595295651024,
  "current_drawdown_duration": 4.0,
  "estimated_post_target_volatility": null,
  "estimated_pre_target_volatility": 0.022202083060691866,
  "execution_drag_total_return": 0.0,
  "exposure_pct": 100.0,
  "gross_annualized_return": 0.08841849862390871,
  "gross_cumulative_return": 0.008101759628482474,
  "gross_total_return": 0.008101759628482474,
  "hit_rate": 0.625,
  "latest_rolling_volatility": 0.022202083060691866,
  "max_drawdown": 0.004632462958028327,
  "max_drawdown_duration": 4.0,
  "max_gross_exposure": 0.9999999999990905,
  "max_leverage": 0.9999999999990905,
  "max_net_exposure": 0.9999999999990905,
  "max_single_weight": 0.33333333333303017,
  "max_weight_sum_deviation": 9.094947017729282e-13,
  "min_net_exposure": 0.9999999999990905,
  "net_total_return": 0.008101759628482474,
  "percent_periods_traded": 4.166666666666666,
  "profit_factor": 1.8996614268719028,
  "realized_volatility": 0.020886541053111638,
  "rebalance_count": 1.0,
  "rolling_volatility_latest": 0.022202083060691866,
  "rolling_volatility_max": 0.022202083060691866,
  "rolling_volatility_mean": 0.020372950316728897,
  "rolling_volatility_window": 20.0,
  "sanity_issue_count": 0.0,
  "sanity_status": "pass",
  "sanity_strict_mode": false,
  "sanity_warning_count": 0.0,
  "sharpe_ratio": 4.06716156929312,
  "target_volatility": null,
  "total_execution_friction": 0.0,
  "total_fixed_fee": 0.0,
  "total_return": 0.008101759628482474,
  "total_slippage_cost": 0.0,
  "total_transaction_cost": 0.0,
  "total_turnover": 0.9999999999990905,
  "trade_count": 1.0,
  "turnover": 0.04166666666662877,
  "validation_issue_count": 0.0,
  "value_at_risk": 0.0014066173809777207,
  "value_at_risk_confidence_level": 0.95,
  "volatility": 0.0013157284136874883,
  "volatility_scaling_factor": null,
  "volatility_target_scale": null,
  "volatility_target_scale_capped": 0.0,
  "volatility_targeting_enabled": 0.0,
  "win_rate": 0.625
}