{
  "active_symbol_count_mean": 6.0,
  "alpha_name": "rank_composite_momentum",
  "annualized_return": 0.05883043409865185,
  "annualized_volatility": 0.001588125000000002,
  "average_execution_friction_per_trade": 0.0,
  "average_trade_size": 0.16666666666666666,
  "average_turnover": 0.023809523809523808,
  "constructor_id": "top_bottom_equal_weight",
  "constructor_params": {
    "gross_long": 0.5,
    "gross_short": 0.5
  },
  "cumulative_return": 0.0015891762630411144,
  "exposure_pct": 85.71428571428571,
  "hit_rate": 0.6,
  "max_drawdown": 0.0,
  "percent_periods_traded": 14.285714285714285,
  "profit_factor": 2.0691315532712253,
  "rebalance_count": 6.0,
  "return_source": "price_column:close",
  "run_id": "rank_composite_momentum_alpha_eval_33fc0d387f50",
  "sharpe_ratio": 36.0,
  "sleeve_row_count": 7,
  "symbol_count": 6,
  "timestamp_count": 7,
  "total_execution_friction": 0.0,
  "total_return": 0.0015891762630411144,
  "total_slippage_cost": 0.0,
  "total_transaction_cost": 0.0,
  "total_turnover": 1.0,
  "trade_count": 6.0,
  "turnover": 0.023809523809523808,
  "volatility": 0.00010004247144962996,
  "win_rate": 0.8571428571428571
}