{
  "annualized_return": 0.47249802198516533,
  "annualized_volatility": 0.06341214048882522,
  "average_execution_friction_per_trade": 0.0003011394275069571,
  "average_fixed_fee_per_trade": 0.0,
  "average_gross_exposure": 1.003798091689857,
  "average_leverage": 1.003798091689857,
  "average_net_exposure": 1.003798091689857,
  "average_trade_size": 1.003798091689857,
  "average_turnover": 0.25094952292246425,
  "conditional_value_at_risk": 0.003077477649439154,
  "conditional_value_at_risk_confidence_level": 0.95,
  "cumulative_return": 0.006161129032937973,
  "current_drawdown": 0.0030774776494391087,
  "current_drawdown_duration": 1.0,
  "estimated_post_target_volatility": 0.1,
  "estimated_pre_target_volatility": 0.09962162792276559,
  "execution_drag_total_return": 0.00030308605753859297,
  "exposure_pct": 100.0,
  "gross_annualized_return": 0.500704904898496,
  "gross_cumulative_return": 0.006464215090476566,
  "gross_total_return": 0.006464215090476566,
  "hit_rate": 0.5,
  "latest_rolling_volatility": 0.10000000000000003,
  "max_drawdown": 0.0030774776494391087,
  "max_drawdown_duration": 1.0,
  "max_gross_exposure": 1.003798091689857,
  "max_leverage": 1.003798091689857,
  "max_net_exposure": 1.003798091689857,
  "max_single_weight": 0.334599363896619,
  "max_weight_sum_deviation": 0.0037980916898570083,
  "min_net_exposure": 1.003798091689857,
  "net_total_return": 0.006161129032937973,
  "percent_periods_traded": 25.0,
  "profit_factor": 2.826442188660559,
  "realized_volatility": 0.06341214048882522,
  "rebalance_count": 1.0,
  "rolling_volatility_latest": 0.10000000000000003,
  "rolling_volatility_max": 0.10000000000000003,
  "rolling_volatility_mean": 0.05627856025039125,
  "rolling_volatility_window": 2.0,
  "sanity_issue_count": 0.0,
  "sanity_status": "pass",
  "sanity_strict_mode": false,
  "sanity_warning_count": 0.0,
  "sharpe_ratio": 6.130741990870084,
  "target_volatility": 0.1,
  "total_execution_friction": 0.0003011394275069571,
  "total_fixed_fee": 0.0,
  "total_return": 0.006161129032937973,
  "total_slippage_cost": 0.0001003798091689857,
  "total_transaction_cost": 0.0002007596183379714,
  "total_turnover": 1.003798091689857,
  "trade_count": 1.0,
  "turnover": 0.25094952292246425,
  "validation_issue_count": 0.0,
  "value_at_risk": 0.003077477649439154,
  "value_at_risk_confidence_level": 0.95,
  "volatility": 0.003994589377040984,
  "volatility_scaling_factor": 1.0037980916907698,
  "volatility_target_scale": 0.9999999999999998,
  "volatility_target_scale_capped": 0.0,
  "volatility_targeting_enabled": 1.0,
  "win_rate": 0.5
}