{
  "active_symbol_count_mean": 50.0,
  "alpha_name": "ml_cross_sectional_lgbm_2026_q1",
  "annualized_return": 0.012522564338673714,
  "annualized_volatility": 0.001207032870444926,
  "average_execution_friction_per_trade": 0.0,
  "average_trade_size": 0.050696378830083565,
  "average_turnover": 0.015166666666666667,
  "constructor_id": "top_bottom_equal_weight",
  "constructor_params": {
    "gross_long": 0.5,
    "gross_short": 0.5
  },
  "cumulative_return": 0.001185922223319924,
  "exposure_pct": 38.333333333333336,
  "hit_rate": 0.5833333333333334,
  "max_drawdown": 0.0001764463930991056,
  "percent_periods_traded": 29.916666666666668,
  "profit_factor": 1.7438511464924766,
  "rebalance_count": 359.0,
  "return_source": "price_column:close",
  "run_id": "ml_cross_sectional_lgbm_2026_q1_alpha_eval_f20f47edde70",
  "sharpe_ratio": 10.311078656234615,
  "sleeve_row_count": 24,
  "symbol_count": 50,
  "timestamp_count": 24,
  "total_execution_friction": 0.0,
  "total_return": 0.001185922223319924,
  "total_slippage_cost": 0.0,
  "total_transaction_cost": 0.0,
  "total_turnover": 18.2,
  "trade_count": 359.0,
  "turnover": 0.015166666666666667,
  "volatility": 7.603592379708855e-05,
  "win_rate": 0.7083333333333334
}