{
  "active_symbol_count_mean": 50.0,
  "alpha_name": "rank_composite_momentum_2026_q1",
  "annualized_return": -0.005868844331271661,
  "annualized_volatility": 0.00208036054147702,
  "average_execution_friction_per_trade": 0.0,
  "average_trade_size": 0.05,
  "average_turnover": 0.008666666666666666,
  "constructor_id": "top_bottom_equal_weight",
  "constructor_params": {
    "gross_long": 0.5,
    "gross_short": 0.5
  },
  "cumulative_return": -0.0005604270617715068,
  "exposure_pct": 38.333333333333336,
  "hit_rate": 0.34210526315789475,
  "max_drawdown": 0.000679122781035435,
  "percent_periods_traded": 17.333333333333336,
  "profit_factor": 0.7218317057868113,
  "rebalance_count": 208.0,
  "return_source": "price_column:close",
  "run_id": "rank_composite_momentum_2026_q1_alpha_eval_46aa308ef0e5",
  "sharpe_ratio": -2.828351569714722,
  "sleeve_row_count": 24,
  "symbol_count": 50,
  "timestamp_count": 24,
  "total_execution_friction": 0.0,
  "total_return": -0.0005604270617715068,
  "total_slippage_cost": 0.0,
  "total_transaction_cost": 0.0,
  "total_turnover": 10.4,
  "trade_count": 208.0,
  "turnover": 0.008666666666666666,
  "volatility": 0.00013105039595475874,
  "win_rate": 0.4583333333333333
}