{
  "comparison_id": "registry_alpha_combined_d514b6a7a7f3",
  "filters": {
    "alpha_name": null,
    "dataset": "features_daily",
    "evaluation_horizon": 5,
    "mapping_name": "top_bottom_quantile_q20",
    "timeframe": "1D"
  },
  "forecast_metric": "ic_ir",
  "leaderboard": [
    {
      "alpha_name": "ml_cross_sectional_xgb_2026_q1",
      "annualized_return": 0.34589515516635605,
      "artifact_path": "docs/examples/output/pipeline_scenario_matrix_case_study/artifacts/alpha/ml_cross_sectional_xgb_2026_q1_alpha_eval_4d1d270521e2",
      "average_turnover": 0.25833333333333336,
      "cumulative_return": 0.028695366787475418,
      "dataset": "features_daily",
      "evaluation_horizon": 5,
      "exposure_pct": 38.333333333333336,
      "hit_rate": 0.5670731707317073,
      "ic_ir": 1.9198107890623903,
      "mapping_name": "top_bottom_quantile_q20",
      "max_drawdown": 0.0005616872849203425,
      "mean_ic": 0.2546042594447913,
      "mean_rank_ic": 0.22522079840369522,
      "n_periods": 19,
      "profit_factor": 2.0695604349777885,
      "rank": 1,
      "rank_ic_ir": 3.08286962892838,
      "run_id": "ml_cross_sectional_xgb_2026_q1_alpha_eval_4d1d270521e2",
      "sharpe_ratio": 12.465814141682714,
      "timeframe": "1D",
      "total_execution_friction": 0.0,
      "total_return": 0.028695366787475418,
      "total_slippage_cost": 0.0,
      "total_transaction_cost": 0.0,
      "total_turnover": 310.0,
      "trade_count": 301.0,
      "turnover": 0.25833333333333336,
      "win_rate": 0.7083333333333334
    },
    {
      "alpha_name": "ml_cross_sectional_lgbm_2026_q1",
      "annualized_return": 0.2821198250481558,
      "artifact_path": "docs/examples/output/pipeline_scenario_matrix_case_study/artifacts/alpha/ml_cross_sectional_lgbm_2026_q1_alpha_eval_f3eec87f23a6",
      "average_turnover": 0.30333333333333334,
      "cumulative_return": 0.02395039005237276,
      "dataset": "features_daily",
      "evaluation_horizon": 5,
      "exposure_pct": 38.333333333333336,
      "hit_rate": 0.578125,
      "ic_ir": 1.589418842850813,
      "mapping_name": "top_bottom_quantile_q20",
      "max_drawdown": 0.003525040768855514,
      "mean_ic": 0.24848289027411252,
      "mean_rank_ic": 0.22603435773046024,
      "n_periods": 19,
      "profit_factor": 1.7600427225023556,
      "rank": 2,
      "rank_ic_ir": 1.8849086091202858,
      "run_id": "ml_cross_sectional_lgbm_2026_q1_alpha_eval_f3eec87f23a6",
      "sharpe_ratio": 10.311078656234617,
      "timeframe": "1D",
      "total_execution_friction": 0.0,
      "total_return": 0.02395039005237276,
      "total_slippage_cost": 0.0,
      "total_transaction_cost": 0.0,
      "total_turnover": 364.0,
      "trade_count": 359.0,
      "turnover": 0.30333333333333334,
      "win_rate": 0.7083333333333334
    },
    {
      "alpha_name": "rank_composite_momentum_2026_q1",
      "annualized_return": -0.11178227958316722,
      "artifact_path": "docs/examples/output/pipeline_scenario_matrix_case_study/artifacts/alpha/rank_composite_momentum_2026_q1_alpha_eval_3256df8cbd0a",
      "average_turnover": 0.17333333333333334,
      "cumulative_return": -0.011225884228951988,
      "dataset": "features_daily",
      "evaluation_horizon": 5,
      "exposure_pct": 38.333333333333336,
      "hit_rate": 0.34210526315789475,
      "ic_ir": -0.04543185604194747,
      "mapping_name": "top_bottom_quantile_q20",
      "max_drawdown": 0.01356917793168022,
      "mean_ic": -0.007925863633708358,
      "mean_rank_ic": -0.0019231397412175382,
      "n_periods": 19,
      "profit_factor": 0.7242144919996689,
      "rank": 3,
      "rank_ic_ir": -0.011713612309876541,
      "run_id": "rank_composite_momentum_2026_q1_alpha_eval_3256df8cbd0a",
      "sharpe_ratio": -2.8283515697147212,
      "timeframe": "1D",
      "total_execution_friction": 0.0,
      "total_return": -0.011225884228951988,
      "total_slippage_cost": 0.0,
      "total_transaction_cost": 0.0,
      "total_turnover": 208.0,
      "trade_count": 208.0,
      "turnover": 0.17333333333333334,
      "win_rate": 0.4583333333333333
    }
  ],
  "metric": "ic_ir+sharpe_ratio",
  "run_ids": [
    "ml_cross_sectional_xgb_2026_q1_alpha_eval_4d1d270521e2",
    "ml_cross_sectional_lgbm_2026_q1_alpha_eval_f3eec87f23a6",
    "rank_composite_momentum_2026_q1_alpha_eval_3256df8cbd0a"
  ],
  "sleeve_metric": "sharpe_ratio",
  "view": "combined"
}