{
  "comparison_id": "registry_alpha_combined_b6c6e0317ea2",
  "filters": {
    "alpha_name": null,
    "dataset": "features_daily",
    "evaluation_horizon": 5,
    "mapping_name": "top_bottom_quantile_q20",
    "timeframe": "1D"
  },
  "forecast_metric": "ic_ir",
  "leaderboard": [
    {
      "alpha_name": "ml_cross_sectional_xgb_2026_q1",
      "annualized_return": 0.014985396862974065,
      "artifact_path": "docs/examples/output/real_q1_2026_regime_aware_case_study/native_artifacts/alpha/ml_cross_sectional_xgb_2026_q1_alpha_eval_1221fcf40775",
      "average_turnover": 0.012916666666666668,
      "cumulative_return": 0.0014175967047811433,
      "dataset": "features_daily",
      "evaluation_horizon": 5,
      "exposure_pct": 38.333333333333336,
      "hit_rate": 0.5670731707317073,
      "ic_ir": 1.9198107890623903,
      "mapping_name": "top_bottom_quantile_q20",
      "max_drawdown": 2.8088087310029763e-05,
      "mean_ic": 0.2546042594447913,
      "mean_rank_ic": 0.22522079840369522,
      "n_periods": 19,
      "profit_factor": 2.0680758180456675,
      "rank": 1,
      "rank_ic_ir": 3.08286962892838,
      "run_id": "ml_cross_sectional_xgb_2026_q1_alpha_eval_1221fcf40775",
      "sharpe_ratio": 12.465814141682714,
      "timeframe": "1D",
      "total_execution_friction": 0.0,
      "total_return": 0.0014175967047811433,
      "total_slippage_cost": 0.0,
      "total_transaction_cost": 0.0,
      "total_turnover": 15.500000000000002,
      "trade_count": 301.0,
      "turnover": 0.012916666666666668,
      "win_rate": 0.7083333333333334
    },
    {
      "alpha_name": "ml_cross_sectional_lgbm_2026_q1",
      "annualized_return": 0.012522564338673714,
      "artifact_path": "docs/examples/output/real_q1_2026_regime_aware_case_study/native_artifacts/alpha/ml_cross_sectional_lgbm_2026_q1_alpha_eval_f20f47edde70",
      "average_turnover": 0.015166666666666667,
      "cumulative_return": 0.001185922223319924,
      "dataset": "features_daily",
      "evaluation_horizon": 5,
      "exposure_pct": 38.333333333333336,
      "hit_rate": 0.5833333333333334,
      "ic_ir": 1.589418842850813,
      "mapping_name": "top_bottom_quantile_q20",
      "max_drawdown": 0.0001764463930991056,
      "mean_ic": 0.24848289027411252,
      "mean_rank_ic": 0.22603435773046024,
      "n_periods": 19,
      "profit_factor": 1.7438511464924766,
      "rank": 2,
      "rank_ic_ir": 1.8849086091202858,
      "run_id": "ml_cross_sectional_lgbm_2026_q1_alpha_eval_f20f47edde70",
      "sharpe_ratio": 10.311078656234615,
      "timeframe": "1D",
      "total_execution_friction": 0.0,
      "total_return": 0.001185922223319924,
      "total_slippage_cost": 0.0,
      "total_transaction_cost": 0.0,
      "total_turnover": 18.2,
      "trade_count": 359.0,
      "turnover": 0.015166666666666667,
      "win_rate": 0.7083333333333334
    },
    {
      "alpha_name": "rank_composite_momentum_2026_q1",
      "annualized_return": -0.005868844331271661,
      "artifact_path": "docs/examples/output/real_q1_2026_regime_aware_case_study/native_artifacts/alpha/rank_composite_momentum_2026_q1_alpha_eval_46aa308ef0e5",
      "average_turnover": 0.008666666666666666,
      "cumulative_return": -0.0005604270617715068,
      "dataset": "features_daily",
      "evaluation_horizon": 5,
      "exposure_pct": 38.333333333333336,
      "hit_rate": 0.34210526315789475,
      "ic_ir": -0.04543185604194747,
      "mapping_name": "top_bottom_quantile_q20",
      "max_drawdown": 0.000679122781035435,
      "mean_ic": -0.007925863633708358,
      "mean_rank_ic": -0.0019231397412175382,
      "n_periods": 19,
      "profit_factor": 0.7218317057868113,
      "rank": 3,
      "rank_ic_ir": -0.011713612309876541,
      "run_id": "rank_composite_momentum_2026_q1_alpha_eval_46aa308ef0e5",
      "sharpe_ratio": -2.828351569714722,
      "timeframe": "1D",
      "total_execution_friction": 0.0,
      "total_return": -0.0005604270617715068,
      "total_slippage_cost": 0.0,
      "total_transaction_cost": 0.0,
      "total_turnover": 10.4,
      "trade_count": 208.0,
      "turnover": 0.008666666666666666,
      "win_rate": 0.4583333333333333
    }
  ],
  "metric": "ic_ir+sharpe_ratio",
  "run_ids": [
    "ml_cross_sectional_xgb_2026_q1_alpha_eval_1221fcf40775",
    "ml_cross_sectional_lgbm_2026_q1_alpha_eval_f20f47edde70",
    "rank_composite_momentum_2026_q1_alpha_eval_46aa308ef0e5"
  ],
  "sleeve_metric": "sharpe_ratio",
  "view": "combined"
}