rank,alpha_name,run_id,dataset,timeframe,evaluation_horizon,mapping_name,mean_ic,ic_ir,mean_rank_ic,rank_ic_ir,n_periods,sharpe_ratio,annualized_return,total_return,cumulative_return,max_drawdown,turnover,average_turnover,total_turnover,win_rate,hit_rate,profit_factor,trade_count,exposure_pct,total_transaction_cost,total_slippage_cost,total_execution_friction,artifact_path
1,ml_cross_sectional_xgb_2026_q1,ml_cross_sectional_xgb_2026_q1_alpha_eval_1221fcf40775,features_daily,1D,5,top_bottom_quantile_q20,0.2546042594447913,1.9198107890623903,0.22522079840369522,3.08286962892838,19,12.465814141682714,0.014985396862974065,0.0014175967047811433,0.0014175967047811433,2.8088087310029763e-05,0.012916666666666668,0.012916666666666668,15.500000000000002,0.7083333333333334,0.5670731707317073,2.0680758180456675,301.0,38.333333333333336,0.0,0.0,0.0,docs/examples/output/real_q1_2026_regime_aware_case_study/native_artifacts/alpha/ml_cross_sectional_xgb_2026_q1_alpha_eval_1221fcf40775
2,ml_cross_sectional_lgbm_2026_q1,ml_cross_sectional_lgbm_2026_q1_alpha_eval_f20f47edde70,features_daily,1D,5,top_bottom_quantile_q20,0.24848289027411252,1.589418842850813,0.22603435773046024,1.8849086091202858,19,10.311078656234615,0.012522564338673714,0.001185922223319924,0.001185922223319924,0.0001764463930991056,0.015166666666666667,0.015166666666666667,18.2,0.7083333333333334,0.5833333333333334,1.7438511464924766,359.0,38.333333333333336,0.0,0.0,0.0,docs/examples/output/real_q1_2026_regime_aware_case_study/native_artifacts/alpha/ml_cross_sectional_lgbm_2026_q1_alpha_eval_f20f47edde70
3,rank_composite_momentum_2026_q1,rank_composite_momentum_2026_q1_alpha_eval_46aa308ef0e5,features_daily,1D,5,top_bottom_quantile_q20,-0.007925863633708358,-0.04543185604194747,-0.0019231397412175382,-0.011713612309876541,19,-2.828351569714722,-0.005868844331271661,-0.0005604270617715068,-0.0005604270617715068,0.000679122781035435,0.008666666666666666,0.008666666666666666,10.4,0.4583333333333333,0.34210526315789475,0.7218317057868113,208.0,38.333333333333336,0.0,0.0,0.0,docs/examples/output/real_q1_2026_regime_aware_case_study/native_artifacts/alpha/rank_composite_momentum_2026_q1_alpha_eval_46aa308ef0e5
