{
  "annualized_return": 1.2573003708499901,
  "annualized_volatility": 0.04574594269521995,
  "average_execution_friction_per_trade": 0.0,
  "average_trade_size": 1.0,
  "average_turnover": 0.021739130434782608,
  "benchmark_correlation": -0.20556424033205933,
  "benchmark_total_return": 0.0018408546267534298,
  "cumulative_return": 0.16022999313171193,
  "excess_return": 0.1583891385049585,
  "exposure_pct": 56.52173913043478,
  "hit_rate": 1.0,
  "max_drawdown": 0.0,
  "percent_periods_traded": 2.1739130434782608,
  "plausibility_flags": {
    "beta_dominated_strategy": false,
    "high_benchmark_correlation": false,
    "high_turnover_low_edge": false,
    "low_excess_return": false
  },
  "profit_factor": null,
  "rebalance_count": 5.0,
  "relative_drawdown": -0.012745504961496734,
  "sanity_issue_count": 1.0,
  "sanity_status": "warn",
  "sanity_strict_mode": false,
  "sanity_warning_count": 1.0,
  "sharpe_ratio": 17.848730010032373,
  "total_execution_friction": 0.0,
  "total_return": 0.16022999313171193,
  "total_slippage_cost": 0.0,
  "total_transaction_cost": 0.0,
  "total_turnover": 5.0,
  "trade_count": 5.0,
  "turnover": 0.021739130434782608,
  "volatility": 0.002881723520518186,
  "win_rate": 0.5652173913043478
}