{
  "annualized_return": 0.0030812140016147627,
  "annualized_volatility": 0.01828426379178938,
  "average_execution_friction_per_trade": 0.0,
  "average_trade_size": 1.0,
  "average_turnover": 0.3869565217391304,
  "benchmark_correlation": 0.42552174879088167,
  "benchmark_total_return": 0.0018408546267534298,
  "cumulative_return": 0.0005617368116803689,
  "excess_return": -0.0012791178150730609,
  "exposure_pct": 19.565217391304348,
  "hit_rate": 0.5333333333333333,
  "max_drawdown": 0.005211423242953095,
  "percent_periods_traded": 38.69565217391304,
  "plausibility_flags": {
    "beta_dominated_strategy": false,
    "high_benchmark_correlation": false,
    "high_turnover_low_edge": false,
    "low_excess_return": true
  },
  "profit_factor": 1.022695394560807,
  "rebalance_count": 89.0,
  "relative_drawdown": -0.007534081718543639,
  "sanity_issue_count": 0.0,
  "sanity_status": "pass",
  "sanity_strict_mode": true,
  "sanity_warning_count": 0.0,
  "sharpe_ratio": 0.17721035362967408,
  "total_execution_friction": 0.0,
  "total_return": 0.0005617368116803689,
  "total_slippage_cost": 0.0,
  "total_transaction_cost": 0.0,
  "total_turnover": 89.0,
  "trade_count": 89.0,
  "turnover": 0.3869565217391304,
  "volatility": 0.0011518003547375613,
  "win_rate": 0.4782608695652174
}