{
  "annualized_return": 0.2501603462298436,
  "annualized_volatility": 0.05433797753352943,
  "average_execution_friction_per_trade": 0.0,
  "average_fixed_fee_per_trade": 0.0,
  "average_gross_exposure": 1.0,
  "average_leverage": 1.0,
  "average_net_exposure": 1.0,
  "average_trade_size": 1.0,
  "average_turnover": 0.041666666666666664,
  "conditional_value_at_risk": 0.004894254498454124,
  "conditional_value_at_risk_confidence_level": 0.95,
  "cumulative_return": 0.021491672345488988,
  "current_drawdown": 0.0043194886751578565,
  "current_drawdown_duration": 4.0,
  "estimated_post_target_volatility": null,
  "estimated_pre_target_volatility": 0.05881178201813212,
  "execution_drag_total_return": 0.0,
  "exposure_pct": 100.0,
  "gross_annualized_return": 0.2501603462298436,
  "gross_cumulative_return": 0.021491672345488988,
  "gross_total_return": 0.021491672345488988,
  "hit_rate": 0.5833333333333334,
  "latest_rolling_volatility": 0.05881178201813212,
  "max_drawdown": 0.008573468026760511,
  "max_drawdown_duration": 4.0,
  "max_gross_exposure": 1.0,
  "max_leverage": 1.0,
  "max_net_exposure": 1.0,
  "max_single_weight": 0.5,
  "max_weight_sum_deviation": 0.0,
  "min_net_exposure": 1.0,
  "net_total_return": 0.021491672345488988,
  "percent_periods_traded": 4.166666666666666,
  "profit_factor": 1.979018350761494,
  "realized_volatility": 0.05433797753352943,
  "rebalance_count": 1.0,
  "rolling_volatility_latest": 0.05881178201813212,
  "rolling_volatility_max": 0.05881178201813212,
  "rolling_volatility_mean": 0.055916854056273925,
  "rolling_volatility_window": 20.0,
  "sanity_issue_count": 0.0,
  "sanity_status": "pass",
  "sanity_strict_mode": false,
  "sanity_warning_count": 0.0,
  "sharpe_ratio": 4.136773070835027,
  "target_volatility": null,
  "total_execution_friction": 0.0,
  "total_fixed_fee": 0.0,
  "total_return": 0.021491672345488988,
  "total_slippage_cost": 0.0,
  "total_transaction_cost": 0.0,
  "total_turnover": 1.0,
  "trade_count": 1.0,
  "turnover": 0.041666666666666664,
  "validation_issue_count": 0.0,
  "value_at_risk": 0.0037558776168114495,
  "value_at_risk_confidence_level": 0.95,
  "volatility": 0.003422970840474613,
  "volatility_scaling_factor": null,
  "volatility_target_scale": null,
  "volatility_target_scale_capped": 0.0,
  "volatility_targeting_enabled": 0.0,
  "win_rate": 0.5833333333333334
}