{
  "active_symbol_count_mean": 50.0,
  "alpha_name": "ml_cross_sectional_elastic_net_2026_q1",
  "annualized_return": 0.07741062689211997,
  "annualized_volatility": 0.030577367411237604,
  "average_execution_friction_per_trade": 0.0,
  "average_trade_size": 1.0,
  "average_turnover": 0.023333333333333334,
  "cumulative_return": 0.007126280964646847,
  "exposure_pct": 38.333333333333336,
  "hit_rate": 0.5833333333333334,
  "max_drawdown": 0.007446498673378321,
  "percent_periods_traded": 2.3333333333333335,
  "profit_factor": 1.6036031455322646,
  "rebalance_count": 28.0,
  "return_source": "price_column:close",
  "run_id": "ml_cross_sectional_elastic_net_2026_q1_alpha_eval_813a3a37e1a0",
  "sharpe_ratio": 2.4534389930906864,
  "sleeve_row_count": 24,
  "symbol_count": 50,
  "timestamp_count": 24,
  "total_execution_friction": 0.0,
  "total_return": 0.007126280964646847,
  "total_slippage_cost": 0.0,
  "total_transaction_cost": 0.0,
  "total_turnover": 28.0,
  "trade_count": 28.0,
  "turnover": 0.023333333333333334,
  "volatility": 0.0019261930932663231,
  "win_rate": 0.4583333333333333
}